Aperture;Camera make;Camera model;Exif Resolution;Exposure bias;Exposure mode;Exposure time;File name;File size;Flash;Focal length;ISO speed;Image quality;Image size;Image timestamp;MIME type;Metering mode;Thumbnail;White balance;
F3.9;NIKON;COOLPIX AW100;4608 x 3456;0 EV;Auto;1/30 s;C:/Users/Florian/Desktop/1004\DSCN7358 - Copie (2).JPG;7218720 Bytes;No, auto;5.0 mm (35 mm equivalent: 28.0 mm);125;FINE;4608 x 3456;2012:12:04 09:11:40;image/jpeg;Multi-segment;image/jpeg, 5503 Bytes;AUTO;
F3.9;NIKON;COOLPIX AW100;4608 x 3456;0 EV;Auto;1/30 s;C:/Users/Florian/Desktop/1004\DSCN7358 - Copie (3).JPG;7218720 Bytes;No, auto;5.0 mm (35 mm equivalent: 28.0 mm);125;FINE;4608 x 3456;2012:12:04 09:11:40;image/jpeg;Multi-segment;image/jpeg, 5503 Bytes;AUTO;
F3.9;NIKON;COOLPIX AW100;4608 x 3456;0 EV;Auto;1/30 s;C:/Users/Florian/Desktop/1004\DSCN7358 - Copie (4).JPG;7218720 Bytes;No, auto;5.0 mm (35 mm equivalent: 28.0 mm);125;FINE;4608 x 3456;2012:12:04 09:11:40;image/jpeg;Multi-segment;image/jpeg, 5503 Bytes;AUTO;
F3.9;NIKON;COOLPIX AW100;4608 x 3456;0 EV;Auto;1/30 s;C:/Users/Florian/Desktop/1004\DSCN7358 - Copie.JPG;7218720 Bytes;No, auto;5.0 mm (35 mm equivalent: 28.0 mm);125;FINE;4608 x 3456;2012:12:04 09:11:40;image/jpeg;Multi-segment;image/jpeg, 5503 Bytes;AUTO;
F3.9;NIKON;COOLPIX AW100;4608 x 3456;0 EV;Auto;1/30 s;C:/Users/Florian/Desktop/1004\DSCN7358.JPG;7218720 Bytes;No, auto;5.0 mm (35 mm equivalent: 28.0 mm);125;FINE;4608 x 3456;2012:12:04 09:11:40;image/jpeg;Multi-segment;image/jpeg, 5503 Bytes;AUTO;
F3.9;NIKON;COOLPIX AW100;4608 x 3456;0 EV;Auto;1/30 s;C:/Users/Florian/Desktop/1004\DSCN7359 - Copie (2).JPG;7369899 Bytes;No, auto;5.0 mm (35 mm equivalent: 28.0 mm);200;FINE;4608 x 3456;2012:12:04 09:12:02;image/jpeg;Multi-segment;image/jpeg, 5656 Bytes;AUTO;
F3.9;NIKON;COOLPIX AW100;4608 x 3456;0 EV;Auto;1/30 s;C:/Users/Florian/Desktop/1004\DSCN7359 - Copie (3).JPG;7369899 Bytes;No, auto;5.0 mm (35 mm equivalent: 28.0 mm);200;FINE;4608 x 3456;2012:12:04 09:12:02;image/jpeg;Multi-segment;image/jpeg, 5656 Bytes;AUTO;
F3.9;NIKON;COOLPIX AW100;4608 x 3456;0 EV;Auto;1/30 s;C:/Users/Florian/Desktop/1004\DSCN7359 - Copie (4).JPG;7369899 Bytes;No, auto;5.0 mm (35 mm equivalent: 28.0 mm);200;FINE;4608 x 3456;2012:12:04 09:12:02;image/jpeg;Multi-segment;image/jpeg, 5656 Bytes;AUTO;
F3.9;NIKON;COOLPIX AW100;4608 x 3456;0 EV;Auto;1/30 s;C:/Users/Florian/Desktop/1004\DSCN7359 - Copie.JPG;7369899 Bytes;No, auto;5.0 mm (35 mm equivalent: 28.0 mm);200;FINE;4608 x 3456;2012:12:04 09:12:02;image/jpeg;Multi-segment;image/jpeg, 5656 Bytes;AUTO;
F3.9;NIKON;COOLPIX AW100;4608 x 3456;0 EV;Auto;1/30 s;C:/Users/Florian/Desktop/1004\DSCN7359.JPG;7369899 Bytes;No, auto;5.0 mm (35 mm equivalent: 28.0 mm);200;FINE;4608 x 3456;2012:12:04 09:12:02;image/jpeg;Multi-segment;image/jpeg, 5656 Bytes;AUTO;
F3.9;NIKON;COOLPIX AW100;4608 x 3456;0 EV;Auto;1/80 s;C:/Users/Florian/Desktop/1004\DSCN7360 - Copie (2).JPG;6691033 Bytes;No, auto;5.0 mm (35 mm equivalent: 28.0 mm);640;FINE;4608 x 3456;2012:12:04 09:13:14;image/jpeg;Multi-segment;image/jpeg, 5954 Bytes;AUTO;
F3.9;NIKON;COOLPIX AW100;4608 x 3456;0 EV;Auto;1/80 s;C:/Users/Florian/Desktop/1004\DSCN7360 - Copie (3).JPG;6691033 Bytes;No, auto;5.0 mm (35 mm equivalent: 28.0 mm);640;FINE;4608 x 3456;2012:12:04 09:13:14;image/jpeg;Multi-segment;image/jpeg, 5954 Bytes;AUTO;
F3.9;NIKON;COOLPIX AW100;4608 x 3456;0 EV;Auto;1/80 s;C:/Users/Florian/Desktop/1004\DSCN7360 - Copie (4).JPG;6691033 Bytes;No, auto;5.0 mm (35 mm equivalent: 28.0 mm);640;FINE;4608 x 3456;2012:12:04 09:13:14;image/jpeg;Multi-segment;image/jpeg, 5954 Bytes;AUTO;
F3.9;NIKON;COOLPIX AW100;4608 x 3456;0 EV;Auto;1/80 s;C:/Users/Florian/Desktop/1004\DSCN7360 - Copie.JPG;6691033 Bytes;No, auto;5.0 mm (35 mm equivalent: 28.0 mm);640;FINE;4608 x 3456;2012:12:04 09:13:14;image/jpeg;Multi-segment;image/jpeg, 5954 Bytes;AUTO;
F3.9;NIKON;COOLPIX AW100;4608 x 3456;0 EV;Auto;1/80 s;C:/Users/Florian/Desktop/1004\DSCN7360.JPG;6691033 Bytes;No, auto;5.0 mm (35 mm equivalent: 28.0 mm);640;FINE;4608 x 3456;2012:12:04 09:13:14;image/jpeg;Multi-segment;image/jpeg, 5954 Bytes;AUTO;
F3.9;NIKON;COOLPIX AW100;3456 x 4608;0 EV;Auto;1/200 s;C:/Users/Florian/Desktop/1004\DSCN7361 - Copie (2).JPG;6610001 Bytes;No, auto;5.0 mm (35 mm equivalent: 28.0 mm);640;FINE;3456 x 4608;2012:12:04 09:15:45;image/jpeg;Multi-segment;image/jpeg, 5521 Bytes;AUTO;
F3.9;NIKON;COOLPIX AW100;3456 x 4608;0 EV;Auto;1/200 s;C:/Users/Florian/Desktop/1004\DSCN7361 - Copie (3).JPG;6610001 Bytes;No, auto;5.0 mm (35 mm equivalent: 28.0 mm);640;FINE;3456 x 4608;2012:12:04 09:15:45;image/jpeg;Multi-segment;image/jpeg, 5521 Bytes;AUTO;
F3.9;NIKON;COOLPIX AW100;3456 x 4608;0 EV;Auto;1/200 s;C:/Users/Florian/Desktop/1004\DSCN7361 - Copie (4).JPG;6610001 Bytes;No, auto;5.0 mm (35 mm equivalent: 28.0 mm);640;FINE;3456 x 4608;2012:12:04 09:15:45;image/jpeg;Multi-segment;image/jpeg, 5521 Bytes;AUTO;
F3.9;NIKON;COOLPIX AW100;3456 x 4608;0 EV;Auto;1/200 s;C:/Users/Florian/Desktop/1004\DSCN7361 - Copie.JPG;6610001 Bytes;No, auto;5.0 mm (35 mm equivalent: 28.0 mm);640;FINE;3456 x 4608;2012:12:04 09:15:45;image/jpeg;Multi-segment;image/jpeg, 5521 Bytes;AUTO;
F3.9;NIKON;COOLPIX AW100;3456 x 4608;0 EV;Auto;1/200 s;C:/Users/Florian/Desktop/1004\DSCN7361.JPG;6610001 Bytes;No, auto;5.0 mm (35 mm equivalent: 28.0 mm);640;FINE;3456 x 4608;2012:12:04 09:15:45;image/jpeg;Multi-segment;image/jpeg, 5521 Bytes;AUTO;
F3.9;NIKON;COOLPIX AW100;4608 x 3456;0 EV;Auto;1/160 s;C:/Users/Florian/Desktop/1004\DSCN7362 - Copie (2).JPG;6562791 Bytes;No, auto;5.0 mm (35 mm equivalent: 28.0 mm);640;FINE;4608 x 3456;2012:12:04 09:16:12;image/jpeg;Multi-segment;image/jpeg, 5887 Bytes;AUTO;
F3.9;NIKON;COOLPIX AW100;4608 x 3456;0 EV;Auto;1/160 s;C:/Users/Florian/Desktop/1004\DSCN7362 - Copie (3).JPG;6562791 Bytes;No, auto;5.0 mm (35 mm equivalent: 28.0 mm);640;FINE;4608 x 3456;2012:12:04 09:16:12;image/jpeg;Multi-segment;image/jpeg, 5887 Bytes;AUTO;
F3.9;NIKON;COOLPIX AW100;4608 x 3456;0 EV;Auto;1/160 s;C:/Users/Florian/Desktop/1004\DSCN7362 - Copie (4).JPG;6562791 Bytes;No, auto;5.0 mm (35 mm equivalent: 28.0 mm);640;FINE;4608 x 3456;2012:12:04 09:16:12;image/jpeg;Multi-segment;image/jpeg, 5887 Bytes;AUTO;
F3.9;NIKON;COOLPIX AW100;4608 x 3456;0 EV;Auto;1/160 s;C:/Users/Florian/Desktop/1004\DSCN7362 - Copie.JPG;6562791 Bytes;No, auto;5.0 mm (35 mm equivalent: 28.0 mm);640;FINE;4608 x 3456;2012:12:04 09:16:12;image/jpeg;Multi-segment;image/jpeg, 5887 Bytes;AUTO;
F3.9;NIKON;COOLPIX AW100;4608 x 3456;0 EV;Auto;1/160 s;C:/Users/Florian/Desktop/1004\DSCN7362.JPG;6562791 Bytes;No, auto;5.0 mm (35 mm equivalent: 28.0 mm);640;FINE;4608 x 3456;2012:12:04 09:16:12;image/jpeg;Multi-segment;image/jpeg, 5887 Bytes;AUTO;
F3.9;NIKON;COOLPIX AW100;4608 x 3456;0 EV;Auto;1/30 s;C:/Users/Florian/Desktop/1004\DSCN7363 - Copie (2).JPG;7492676 Bytes;No, auto;5.0 mm (35 mm equivalent: 28.0 mm);125;FINE;4608 x 3456;2012:12:04 09:20:57;image/jpeg;Multi-segment;image/jpeg, 5317 Bytes;AUTO;
F3.9;NIKON;COOLPIX AW100;4608 x 3456;0 EV;Auto;1/30 s;C:/Users/Florian/Desktop/1004\DSCN7363 - Copie (3).JPG;7492676 Bytes;No, auto;5.0 mm (35 mm equivalent: 28.0 mm);125;FINE;4608 x 3456;2012:12:04 09:20:57;image/jpeg;Multi-segment;image/jpeg, 5317 Bytes;AUTO;
F3.9;NIKON;COOLPIX AW100;4608 x 3456;0 EV;Auto;1/30 s;C:/Users/Florian/Desktop/1004\DSCN7363 - Copie (4).JPG;7492676 Bytes;No, auto;5.0 mm (35 mm equivalent: 28.0 mm);125;FINE;4608 x 3456;2012:12:04 09:20:57;image/jpeg;Multi-segment;image/jpeg, 5317 Bytes;AUTO;
F3.9;NIKON;COOLPIX AW100;4608 x 3456;0 EV;Auto;1/30 s;C:/Users/Florian/Desktop/1004\DSCN7363 - Copie.JPG;7492676 Bytes;No, auto;5.0 mm (35 mm equivalent: 28.0 mm);125;FINE;4608 x 3456;2012:12:04 09:20:57;image/jpeg;Multi-segment;image/jpeg, 5317 Bytes;AUTO;
F3.9;NIKON;COOLPIX AW100;4608 x 3456;0 EV;Auto;1/30 s;C:/Users/Florian/Desktop/1004\DSCN7363.JPG;7492676 Bytes;No, auto;5.0 mm (35 mm equivalent: 28.0 mm);125;FINE;4608 x 3456;2012:12:04 09:20:57;image/jpeg;Multi-segment;image/jpeg, 5317 Bytes;AUTO;
F3.9;NIKON;COOLPIX AW100;4608 x 3456;0 EV;Auto;1/200 s;C:/Users/Florian/Desktop/1004\DSCN7364 - Copie (2).JPG;7390902 Bytes;No, auto;5.0 mm (35 mm equivalent: 28.0 mm);640;FINE;4608 x 3456;2012:12:04 09:21:30;image/jpeg;Multi-segment;image/jpeg, 5561 Bytes;AUTO;
F3.9;NIKON;COOLPIX AW100;4608 x 3456;0 EV;Auto;1/200 s;C:/Users/Florian/Desktop/1004\DSCN7364 - Copie (3).JPG;7390902 Bytes;No, auto;5.0 mm (35 mm equivalent: 28.0 mm);640;FINE;4608 x 3456;2012:12:04 09:21:30;image/jpeg;Multi-segment;image/jpeg, 5561 Bytes;AUTO;
F3.9;NIKON;COOLPIX AW100;4608 x 3456;0 EV;Auto;1/200 s;C:/Users/Florian/Desktop/1004\DSCN7364 - Copie (4).JPG;7390902 Bytes;No, auto;5.0 mm (35 mm equivalent: 28.0 mm);640;FINE;4608 x 3456;2012:12:04 09:21:30;image/jpeg;Multi-segment;image/jpeg, 5561 Bytes;AUTO;
F3.9;NIKON;COOLPIX AW100;4608 x 3456;0 EV;Auto;1/200 s;C:/Users/Florian/Desktop/1004\DSCN7364 - Copie.JPG;7390902 Bytes;No, auto;5.0 mm (35 mm equivalent: 28.0 mm);640;FINE;4608 x 3456;2012:12:04 09:21:30;image/jpeg;Multi-segment;image/jpeg, 5561 Bytes;AUTO;
F3.9;NIKON;COOLPIX AW100;4608 x 3456;0 EV;Auto;1/200 s;C:/Users/Florian/Desktop/1004\DSCN7364.JPG;7390902 Bytes;No, auto;5.0 mm (35 mm equivalent: 28.0 mm);640;FINE;4608 x 3456;2012:12:04 09:21:30;image/jpeg;Multi-segment;image/jpeg, 5561 Bytes;AUTO;
F3.9;NIKON;COOLPIX AW100;4608 x 3456;0 EV;Auto;1/125 s;C:/Users/Florian/Desktop/1004\DSCN7365 - Copie (2).JPG;7149266 Bytes;No, auto;5.0 mm (35 mm equivalent: 28.0 mm);640;FINE;4608 x 3456;2012:12:04 09:23:06;image/jpeg;Multi-segment;image/jpeg, 5176 Bytes;AUTO;
F3.9;NIKON;COOLPIX AW100;4608 x 3456;0 EV;Auto;1/125 s;C:/Users/Florian/Desktop/1004\DSCN7365 - Copie (3).JPG;7149266 Bytes;No, auto;5.0 mm (35 mm equivalent: 28.0 mm);640;FINE;4608 x 3456;2012:12:04 09:23:06;image/jpeg;Multi-segment;image/jpeg, 5176 Bytes;AUTO;
F3.9;NIKON;COOLPIX AW100;4608 x 3456;0 EV;Auto;1/125 s;C:/Users/Florian/Desktop/1004\DSCN7365 - Copie (4).JPG;7149266 Bytes;No, auto;5.0 mm (35 mm equivalent: 28.0 mm);640;FINE;4608 x 3456;2012:12:04 09:23:06;image/jpeg;Multi-segment;image/jpeg, 5176 Bytes;AUTO;
F3.9;NIKON;COOLPIX AW100;4608 x 3456;0 EV;Auto;1/125 s;C:/Users/Florian/Desktop/1004\DSCN7365 - Copie.JPG;7149266 Bytes;No, auto;5.0 mm (35 mm equivalent: 28.0 mm);640;FINE;4608 x 3456;2012:12:04 09:23:06;image/jpeg;Multi-segment;image/jpeg, 5176 Bytes;AUTO;
F3.9;NIKON;COOLPIX AW100;4608 x 3456;0 EV;Auto;1/125 s;C:/Users/Florian/Desktop/1004\DSCN7365.JPG;7149266 Bytes;No, auto;5.0 mm (35 mm equivalent: 28.0 mm);640;FINE;4608 x 3456;2012:12:04 09:23:06;image/jpeg;Multi-segment;image/jpeg, 5176 Bytes;AUTO;
F3.9;NIKON;COOLPIX AW100;4608 x 3456;0 EV;Auto;1/250 s;C:/Users/Florian/Desktop/1004\DSCN7366 - Copie (2).JPG;6606359 Bytes;No, auto;5.0 mm (35 mm equivalent: 28.0 mm);360;FINE;4608 x 3456;2012:12:04 09:23:11;image/jpeg;Multi-segment;image/jpeg, 5705 Bytes;AUTO;
F3.9;NIKON;COOLPIX AW100;4608 x 3456;0 EV;Auto;1/250 s;C:/Users/Florian/Desktop/1004\DSCN7366 - Copie (3).JPG;6606359 Bytes;No, auto;5.0 mm (35 mm equivalent: 28.0 mm);360;FINE;4608 x 3456;2012:12:04 09:23:11;image/jpeg;Multi-segment;image/jpeg, 5705 Bytes;AUTO;
F3.9;NIKON;COOLPIX AW100;4608 x 3456;0 EV;Auto;1/250 s;C:/Users/Florian/Desktop/1004\DSCN7366 - Copie (4).JPG;6606359 Bytes;No, auto;5.0 mm (35 mm equivalent: 28.0 mm);360;FINE;4608 x 3456;2012:12:04 09:23:11;image/jpeg;Multi-segment;image/jpeg, 5705 Bytes;AUTO;
F3.9;NIKON;COOLPIX AW100;4608 x 3456;0 EV;Auto;1/250 s;C:/Users/Florian/Desktop/1004\DSCN7366 - Copie.JPG;6606359 Bytes;No, auto;5.0 mm (35 mm equivalent: 28.0 mm);360;FINE;4608 x 3456;2012:12:04 09:23:11;image/jpeg;Multi-segment;image/jpeg, 5705 Bytes;AUTO;
F3.9;NIKON;COOLPIX AW100;4608 x 3456;0 EV;Auto;1/250 s;C:/Users/Florian/Desktop/1004\DSCN7366.JPG;6606359 Bytes;No, auto;5.0 mm (35 mm equivalent: 28.0 mm);360;FINE;4608 x 3456;2012:12:04 09:23:11;image/jpeg;Multi-segment;image/jpeg, 5705 Bytes;AUTO;
F3.9;NIKON;COOLPIX AW100;4608 x 3456;0 EV;Auto;1/200 s;C:/Users/Florian/Desktop/1004\DSCN7367 - Copie (2).JPG;7300819 Bytes;No, auto;5.0 mm (35 mm equivalent: 28.0 mm);640;FINE;4608 x 3456;2012:12:04 09:25:00;image/jpeg;Multi-segment;image/jpeg, 5460 Bytes;AUTO;
F3.9;NIKON;COOLPIX AW100;4608 x 3456;0 EV;Auto;1/200 s;C:/Users/Florian/Desktop/1004\DSCN7367 - Copie (3).JPG;7300819 Bytes;No, auto;5.0 mm (35 mm equivalent: 28.0 mm);640;FINE;4608 x 3456;2012:12:04 09:25:00;image/jpeg;Multi-segment;image/jpeg, 5460 Bytes;AUTO;
F3.9;NIKON;COOLPIX AW100;4608 x 3456;0 EV;Auto;1/200 s;C:/Users/Florian/Desktop/1004\DSCN7367 - Copie (4).JPG;7300819 Bytes;No, auto;5.0 mm (35 mm equivalent: 28.0 mm);640;FINE;4608 x 3456;2012:12:04 09:25:00;image/jpeg;Multi-segment;image/jpeg, 5460 Bytes;AUTO;
F3.9;NIKON;COOLPIX AW100;4608 x 3456;0 EV;Auto;1/200 s;C:/Users/Florian/Desktop/1004\DSCN7367 - Copie.JPG;7300819 Bytes;No, auto;5.0 mm (35 mm equivalent: 28.0 mm);640;FINE;4608 x 3456;2012:12:04 09:25:00;image/jpeg;Multi-segment;image/jpeg, 5460 Bytes;AUTO;
F3.9;NIKON;COOLPIX AW100;4608 x 3456;0 EV;Auto;1/200 s;C:/Users/Florian/Desktop/1004\DSCN7367.JPG;7300819 Bytes;No, auto;5.0 mm (35 mm equivalent: 28.0 mm);640;FINE;4608 x 3456;2012:12:04 09:25:00;image/jpeg;Multi-segment;image/jpeg, 5460 Bytes;AUTO;
F3.9;NIKON;COOLPIX AW100;4608 x 3456;0 EV;Auto;1/30 s;C:/Users/Florian/Desktop/1004\DSCN7368 - Copie (2).JPG;7174471 Bytes;No, auto;5.0 mm (35 mm equivalent: 28.0 mm);140;FINE;4608 x 3456;2012:12:04 09:34:14;image/jpeg;Multi-segment;image/jpeg, 4943 Bytes;AUTO;
F3.9;NIKON;COOLPIX AW100;4608 x 3456;0 EV;Auto;1/30 s;C:/Users/Florian/Desktop/1004\DSCN7368 - Copie (3).JPG;7174471 Bytes;No, auto;5.0 mm (35 mm equivalent: 28.0 mm);140;FINE;4608 x 3456;2012:12:04 09:34:14;image/jpeg;Multi-segment;image/jpeg, 4943 Bytes;AUTO;
F3.9;NIKON;COOLPIX AW100;4608 x 3456;0 EV;Auto;1/30 s;C:/Users/Florian/Desktop/1004\DSCN7368 - Copie (4).JPG;7174471 Bytes;No, auto;5.0 mm (35 mm equivalent: 28.0 mm);140;FINE;4608 x 3456;2012:12:04 09:34:14;image/jpeg;Multi-segment;image/jpeg, 4943 Bytes;AUTO;
F3.9;NIKON;COOLPIX AW100;4608 x 3456;0 EV;Auto;1/30 s;C:/Users/Florian/Desktop/1004\DSCN7368 - Copie.JPG;7174471 Bytes;No, auto;5.0 mm (35 mm equivalent: 28.0 mm);140;FINE;4608 x 3456;2012:12:04 09:34:14;image/jpeg;Multi-segment;image/jpeg, 4943 Bytes;AUTO;
F3.9;NIKON;COOLPIX AW100;4608 x 3456;0 EV;Auto;1/30 s;C:/Users/Florian/Desktop/1004\DSCN7368.JPG;7174471 Bytes;No, auto;5.0 mm (35 mm equivalent: 28.0 mm);140;FINE;4608 x 3456;2012:12:04 09:34:14;image/jpeg;Multi-segment;image/jpeg, 4943 Bytes;AUTO;
F3.9;NIKON;COOLPIX AW100;4608 x 3456;0 EV;Auto;1/30 s;C:/Users/Florian/Desktop/1004\DSCN7369 - Copie (2).JPG;7106428 Bytes;No, auto;5.0 mm (35 mm equivalent: 28.0 mm);140;FINE;4608 x 3456;2012:12:04 09:34:19;image/jpeg;Multi-segment;image/jpeg, 5016 Bytes;AUTO;
F3.9;NIKON;COOLPIX AW100;4608 x 3456;0 EV;Auto;1/30 s;C:/Users/Florian/Desktop/1004\DSCN7369 - Copie (3).JPG;7106428 Bytes;No, auto;5.0 mm (35 mm equivalent: 28.0 mm);140;FINE;4608 x 3456;2012:12:04 09:34:19;image/jpeg;Multi-segment;image/jpeg, 5016 Bytes;AUTO;
F3.9;NIKON;COOLPIX AW100;4608 x 3456;0 EV;Auto;1/30 s;C:/Users/Florian/Desktop/1004\DSCN7369 - Copie (4).JPG;7106428 Bytes;No, auto;5.0 mm (35 mm equivalent: 28.0 mm);140;FINE;4608 x 3456;2012:12:04 09:34:19;image/jpeg;Multi-segment;image/jpeg, 5016 Bytes;AUTO;
F3.9;NIKON;COOLPIX AW100;4608 x 3456;0 EV;Auto;1/30 s;C:/Users/Florian/Desktop/1004\DSCN7369 - Copie.JPG;7106428 Bytes;No, auto;5.0 mm (35 mm equivalent: 28.0 mm);140;FINE;4608 x 3456;2012:12:04 09:34:19;image/jpeg;Multi-segment;image/jpeg, 5016 Bytes;AUTO;
F3.9;NIKON;COOLPIX AW100;4608 x 3456;0 EV;Auto;1/30 s;C:/Users/Florian/Desktop/1004\DSCN7369.JPG;7106428 Bytes;No, auto;5.0 mm (35 mm equivalent: 28.0 mm);140;FINE;4608 x 3456;2012:12:04 09:34:19;image/jpeg;Multi-segment;image/jpeg, 5016 Bytes;AUTO;
F3.9;NIKON;COOLPIX AW100;4608 x 3456;0 EV;Auto;1/30 s;C:/Users/Florian/Desktop/1004\DSCN7370 - Copie (2).JPG;7048182 Bytes;No, auto;5.0 mm (35 mm equivalent: 28.0 mm);140;FINE;4608 x 3456;2012:12:04 09:34:23;image/jpeg;Multi-segment;image/jpeg, 4972 Bytes;AUTO;
F3.9;NIKON;COOLPIX AW100;4608 x 3456;0 EV;Auto;1/30 s;C:/Users/Florian/Desktop/1004\DSCN7370 - Copie (3).JPG;7048182 Bytes;No, auto;5.0 mm (35 mm equivalent: 28.0 mm);140;FINE;4608 x 3456;2012:12:04 09:34:23;image/jpeg;Multi-segment;image/jpeg, 4972 Bytes;AUTO;
F3.9;NIKON;COOLPIX AW100;4608 x 3456;0 EV;Auto;1/30 s;C:/Users/Florian/Desktop/1004\DSCN7370 - Copie (4).JPG;7048182 Bytes;No, auto;5.0 mm (35 mm equivalent: 28.0 mm);140;FINE;4608 x 3456;2012:12:04 09:34:23;image/jpeg;Multi-segment;image/jpeg, 4972 Bytes;AUTO;
F3.9;NIKON;COOLPIX AW100;4608 x 3456;0 EV;Auto;1/30 s;C:/Users/Florian/Desktop/1004\DSCN7370 - Copie.JPG;7048182 Bytes;No, auto;5.0 mm (35 mm equivalent: 28.0 mm);140;FINE;4608 x 3456;2012:12:04 09:34:23;image/jpeg;Multi-segment;image/jpeg, 4972 Bytes;AUTO;
F3.9;NIKON;COOLPIX AW100;4608 x 3456;0 EV;Auto;1/30 s;C:/Users/Florian/Desktop/1004\DSCN7370.JPG;7048182 Bytes;No, auto;5.0 mm (35 mm equivalent: 28.0 mm);140;FINE;4608 x 3456;2012:12:04 09:34:23;image/jpeg;Multi-segment;image/jpeg, 4972 Bytes;AUTO;
F3.9;NIKON;COOLPIX AW100;4608 x 3456;0 EV;Auto;1/30 s;C:/Users/Florian/Desktop/1004\DSCN7371 - Copie (2).JPG;6911167 Bytes;No, auto;5.0 mm (35 mm equivalent: 28.0 mm);125;FINE;4608 x 3456;2012:12:04 09:38:39;image/jpeg;Multi-segment;image/jpeg, 5275 Bytes;AUTO;
F3.9;NIKON;COOLPIX AW100;4608 x 3456;0 EV;Auto;1/30 s;C:/Users/Florian/Desktop/1004\DSCN7371 - Copie (3).JPG;6911167 Bytes;No, auto;5.0 mm (35 mm equivalent: 28.0 mm);125;FINE;4608 x 3456;2012:12:04 09:38:39;image/jpeg;Multi-segment;image/jpeg, 5275 Bytes;AUTO;
F3.9;NIKON;COOLPIX AW100;4608 x 3456;0 EV;Auto;1/30 s;C:/Users/Florian/Desktop/1004\DSCN7371 - Copie (4).JPG;6911167 Bytes;No, auto;5.0 mm (35 mm equivalent: 28.0 mm);125;FINE;4608 x 3456;2012:12:04 09:38:39;image/jpeg;Multi-segment;image/jpeg, 5275 Bytes;AUTO;
F3.9;NIKON;COOLPIX AW100;4608 x 3456;0 EV;Auto;1/30 s;C:/Users/Florian/Desktop/1004\DSCN7371 - Copie.JPG;6911167 Bytes;No, auto;5.0 mm (35 mm equivalent: 28.0 mm);125;FINE;4608 x 3456;2012:12:04 09:38:39;image/jpeg;Multi-segment;image/jpeg, 5275 Bytes;AUTO;
F3.9;NIKON;COOLPIX AW100;4608 x 3456;0 EV;Auto;1/30 s;C:/Users/Florian/Desktop/1004\DSCN7371.JPG;6911167 Bytes;No, auto;5.0 mm (35 mm equivalent: 28.0 mm);125;FINE;4608 x 3456;2012:12:04 09:38:39;image/jpeg;Multi-segment;image/jpeg, 5275 Bytes;AUTO;
F3.9;NIKON;COOLPIX AW100;4608 x 3456;0 EV;Auto;1/50 s;C:/Users/Florian/Desktop/1004\DSCN7372 - Copie (2).JPG;6851921 Bytes;No, auto;5.0 mm (35 mm equivalent: 28.0 mm);125;FINE;4608 x 3456;2012:12:04 09:41:54;image/jpeg;Multi-segment;image/jpeg, 5326 Bytes;AUTO;
F3.9;NIKON;COOLPIX AW100;4608 x 3456;0 EV;Auto;1/50 s;C:/Users/Florian/Desktop/1004\DSCN7372 - Copie (3).JPG;6851921 Bytes;No, auto;5.0 mm (35 mm equivalent: 28.0 mm);125;FINE;4608 x 3456;2012:12:04 09:41:54;image/jpeg;Multi-segment;image/jpeg, 5326 Bytes;AUTO;
F3.9;NIKON;COOLPIX AW100;4608 x 3456;0 EV;Auto;1/50 s;C:/Users/Florian/Desktop/1004\DSCN7372 - Copie (4).JPG;6851921 Bytes;No, auto;5.0 mm (35 mm equivalent: 28.0 mm);125;FINE;4608 x 3456;2012:12:04 09:41:54;image/jpeg;Multi-segment;image/jpeg, 5326 Bytes;AUTO;
F3.9;NIKON;COOLPIX AW100;4608 x 3456;0 EV;Auto;1/50 s;C:/Users/Florian/Desktop/1004\DSCN7372 - Copie.JPG;6851921 Bytes;No, auto;5.0 mm (35 mm equivalent: 28.0 mm);125;FINE;4608 x 3456;2012:12:04 09:41:54;image/jpeg;Multi-segment;image/jpeg, 5326 Bytes;AUTO;
F3.9;NIKON;COOLPIX AW100;4608 x 3456;0 EV;Auto;1/50 s;C:/Users/Florian/Desktop/1004\DSCN7372.JPG;6851921 Bytes;No, auto;5.0 mm (35 mm equivalent: 28.0 mm);125;FINE;4608 x 3456;2012:12:04 09:41:54;image/jpeg;Multi-segment;image/jpeg, 5326 Bytes;AUTO;
F3.9;NIKON;COOLPIX AW100;4608 x 3456;0 EV;Auto;1/50 s;C:/Users/Florian/Desktop/1004\DSCN7373 - Copie (2).JPG;6997123 Bytes;No, auto;5.0 mm (35 mm equivalent: 28.0 mm);125;FINE;4608 x 3456;2012:12:04 09:41:58;image/jpeg;Multi-segment;image/jpeg, 5415 Bytes;AUTO;
F3.9;NIKON;COOLPIX AW100;4608 x 3456;0 EV;Auto;1/50 s;C:/Users/Florian/Desktop/1004\DSCN7373 - Copie (3).JPG;6997123 Bytes;No, auto;5.0 mm (35 mm equivalent: 28.0 mm);125;FINE;4608 x 3456;2012:12:04 09:41:58;image/jpeg;Multi-segment;image/jpeg, 5415 Bytes;AUTO;
F3.9;NIKON;COOLPIX AW100;4608 x 3456;0 EV;Auto;1/50 s;C:/Users/Florian/Desktop/1004\DSCN7373 - Copie (4).JPG;6997123 Bytes;No, auto;5.0 mm (35 mm equivalent: 28.0 mm);125;FINE;4608 x 3456;2012:12:04 09:41:58;image/jpeg;Multi-segment;image/jpeg, 5415 Bytes;AUTO;
F3.9;NIKON;COOLPIX AW100;4608 x 3456;0 EV;Auto;1/50 s;C:/Users/Florian/Desktop/1004\DSCN7373 - Copie.JPG;6997123 Bytes;No, auto;5.0 mm (35 mm equivalent: 28.0 mm);125;FINE;4608 x 3456;2012:12:04 09:41:58;image/jpeg;Multi-segment;image/jpeg, 5415 Bytes;AUTO;
F3.9;NIKON;COOLPIX AW100;4608 x 3456;0 EV;Auto;1/50 s;C:/Users/Florian/Desktop/1004\DSCN7373.JPG;6997123 Bytes;No, auto;5.0 mm (35 mm equivalent: 28.0 mm);125;FINE;4608 x 3456;2012:12:04 09:41:58;image/jpeg;Multi-segment;image/jpeg, 5415 Bytes;AUTO;
F3.9;NIKON;COOLPIX AW100;4608 x 3456;0 EV;Auto;1/30 s;C:/Users/Florian/Desktop/1004\DSCN7374 - Copie (2).JPG;7191493 Bytes;No, auto;5.0 mm (35 mm equivalent: 28.0 mm);140;FINE;4608 x 3456;2012:12:04 09:42:18;image/jpeg;Multi-segment;image/jpeg, 5407 Bytes;AUTO;
F3.9;NIKON;COOLPIX AW100;4608 x 3456;0 EV;Auto;1/30 s;C:/Users/Florian/Desktop/1004\DSCN7374 - Copie (3).JPG;7191493 Bytes;No, auto;5.0 mm (35 mm equivalent: 28.0 mm);140;FINE;4608 x 3456;2012:12:04 09:42:18;image/jpeg;Multi-segment;image/jpeg, 5407 Bytes;AUTO;
F3.9;NIKON;COOLPIX AW100;4608 x 3456;0 EV;Auto;1/30 s;C:/Users/Florian/Desktop/1004\DSCN7374 - Copie (4).JPG;7191493 Bytes;No, auto;5.0 mm (35 mm equivalent: 28.0 mm);140;FINE;4608 x 3456;2012:12:04 09:42:18;image/jpeg;Multi-segment;image/jpeg, 5407 Bytes;AUTO;
F3.9;NIKON;COOLPIX AW100;4608 x 3456;0 EV;Auto;1/30 s;C:/Users/Florian/Desktop/1004\DSCN7374 - Copie.JPG;7191493 Bytes;No, auto;5.0 mm (35 mm equivalent: 28.0 mm);140;FINE;4608 x 3456;2012:12:04 09:42:18;image/jpeg;Multi-segment;image/jpeg, 5407 Bytes;AUTO;
F3.9;NIKON;COOLPIX AW100;4608 x 3456;0 EV;Auto;1/30 s;C:/Users/Florian/Desktop/1004\DSCN7374.JPG;7191493 Bytes;No, auto;5.0 mm (35 mm equivalent: 28.0 mm);140;FINE;4608 x 3456;2012:12:04 09:42:18;image/jpeg;Multi-segment;image/jpeg, 5407 Bytes;AUTO;
F3.9;NIKON;COOLPIX AW100;4608 x 3456;0 EV;Auto;1/30 s;C:/Users/Florian/Desktop/1004\DSCN7375 - Copie (2).JPG;7227603 Bytes;No, auto;5.0 mm (35 mm equivalent: 28.0 mm);140;FINE;4608 x 3456;2012:12:04 09:42:22;image/jpeg;Multi-segment;image/jpeg, 5316 Bytes;AUTO;
F3.9;NIKON;COOLPIX AW100;4608 x 3456;0 EV;Auto;1/30 s;C:/Users/Florian/Desktop/1004\DSCN7375 - Copie (3).JPG;7227603 Bytes;No, auto;5.0 mm (35 mm equivalent: 28.0 mm);140;FINE;4608 x 3456;2012:12:04 09:42:22;image/jpeg;Multi-segment;image/jpeg, 5316 Bytes;AUTO;
F3.9;NIKON;COOLPIX AW100;4608 x 3456;0 EV;Auto;1/30 s;C:/Users/Florian/Desktop/1004\DSCN7375 - Copie (4).JPG;7227603 Bytes;No, auto;5.0 mm (35 mm equivalent: 28.0 mm);140;FINE;4608 x 3456;2012:12:04 09:42:22;image/jpeg;Multi-segment;image/jpeg, 5316 Bytes;AUTO;
F3.9;NIKON;COOLPIX AW100;4608 x 3456;0 EV;Auto;1/30 s;C:/Users/Florian/Desktop/1004\DSCN7375 - Copie.JPG;7227603 Bytes;No, auto;5.0 mm (35 mm equivalent: 28.0 mm);140;FINE;4608 x 3456;2012:12:04 09:42:22;image/jpeg;Multi-segment;image/jpeg, 5316 Bytes;AUTO;
F3.9;NIKON;COOLPIX AW100;4608 x 3456;0 EV;Auto;1/30 s;C:/Users/Florian/Desktop/1004\DSCN7375.JPG;7227603 Bytes;No, auto;5.0 mm (35 mm equivalent: 28.0 mm);140;FINE;4608 x 3456;2012:12:04 09:42:22;image/jpeg;Multi-segment;image/jpeg, 5316 Bytes;AUTO;
F3.9;NIKON;COOLPIX AW100;4608 x 3456;0 EV;Auto;1/30 s;C:/Users/Florian/Desktop/1004\DSCN7376 - Copie (2).JPG;6778623 Bytes;No, auto;5.0 mm (35 mm equivalent: 28.0 mm);140;FINE;4608 x 3456;2012:12:04 09:42:28;image/jpeg;Multi-segment;image/jpeg, 5463 Bytes;AUTO;
F3.9;NIKON;COOLPIX AW100;4608 x 3456;0 EV;Auto;1/30 s;C:/Users/Florian/Desktop/1004\DSCN7376 - Copie (3).JPG;6778623 Bytes;No, auto;5.0 mm (35 mm equivalent: 28.0 mm);140;FINE;4608 x 3456;2012:12:04 09:42:28;image/jpeg;Multi-segment;image/jpeg, 5463 Bytes;AUTO;
F3.9;NIKON;COOLPIX AW100;4608 x 3456;0 EV;Auto;1/30 s;C:/Users/Florian/Desktop/1004\DSCN7376 - Copie (4).JPG;6778623 Bytes;No, auto;5.0 mm (35 mm equivalent: 28.0 mm);140;FINE;4608 x 3456;2012:12:04 09:42:28;image/jpeg;Multi-segment;image/jpeg, 5463 Bytes;AUTO;
F3.9;NIKON;COOLPIX AW100;4608 x 3456;0 EV;Auto;1/30 s;C:/Users/Florian/Desktop/1004\DSCN7376 - Copie.JPG;6778623 Bytes;No, auto;5.0 mm (35 mm equivalent: 28.0 mm);140;FINE;4608 x 3456;2012:12:04 09:42:28;image/jpeg;Multi-segment;image/jpeg, 5463 Bytes;AUTO;
F3.9;NIKON;COOLPIX AW100;4608 x 3456;0 EV;Auto;1/30 s;C:/Users/Florian/Desktop/1004\DSCN7376.JPG;6778623 Bytes;No, auto;5.0 mm (35 mm equivalent: 28.0 mm);140;FINE;4608 x 3456;2012:12:04 09:42:28;image/jpeg;Multi-segment;image/jpeg, 5463 Bytes;AUTO;
F3.9;NIKON;COOLPIX AW100;4608 x 3456;0 EV;Auto;1/30 s;C:/Users/Florian/Desktop/1004\DSCN7377 - Copie (2).JPG;7030987 Bytes;No, auto;5.0 mm (35 mm equivalent: 28.0 mm);220;FINE;4608 x 3456;2012:12:04 09:59:04;image/jpeg;Multi-segment;image/jpeg, 6423 Bytes;AUTO;
F3.9;NIKON;COOLPIX AW100;4608 x 3456;0 EV;Auto;1/30 s;C:/Users/Florian/Desktop/1004\DSCN7377 - Copie (3).JPG;7030987 Bytes;No, auto;5.0 mm (35 mm equivalent: 28.0 mm);220;FINE;4608 x 3456;2012:12:04 09:59:04;image/jpeg;Multi-segment;image/jpeg, 6423 Bytes;AUTO;
F3.9;NIKON;COOLPIX AW100;4608 x 3456;0 EV;Auto;1/30 s;C:/Users/Florian/Desktop/1004\DSCN7377 - Copie (4).JPG;7030987 Bytes;No, auto;5.0 mm (35 mm equivalent: 28.0 mm);220;FINE;4608 x 3456;2012:12:04 09:59:04;image/jpeg;Multi-segment;image/jpeg, 6423 Bytes;AUTO;
F3.9;NIKON;COOLPIX AW100;4608 x 3456;0 EV;Auto;1/30 s;C:/Users/Florian/Desktop/1004\DSCN7377 - Copie.JPG;7030987 Bytes;No, auto;5.0 mm (35 mm equivalent: 28.0 mm);220;FINE;4608 x 3456;2012:12:04 09:59:04;image/jpeg;Multi-segment;image/jpeg, 6423 Bytes;AUTO;
F3.9;NIKON;COOLPIX AW100;4608 x 3456;0 EV;Auto;1/30 s;C:/Users/Florian/Desktop/1004\DSCN7377.JPG;7030987 Bytes;No, auto;5.0 mm (35 mm equivalent: 28.0 mm);220;FINE;4608 x 3456;2012:12:04 09:59:04;image/jpeg;Multi-segment;image/jpeg, 6423 Bytes;AUTO;
F3.9;NIKON;COOLPIX AW100;4608 x 3456;0 EV;Auto;1/30 s;C:/Users/Florian/Desktop/1004\DSCN7378 - Copie (2).JPG;7537730 Bytes;No, auto;5.0 mm (35 mm equivalent: 28.0 mm);200;FINE;4608 x 3456;2012:12:04 09:59:51;image/jpeg;Multi-segment;image/jpeg, 6673 Bytes;AUTO;
F3.9;NIKON;COOLPIX AW100;4608 x 3456;0 EV;Auto;1/30 s;C:/Users/Florian/Desktop/1004\DSCN7378 - Copie (3).JPG;7537730 Bytes;No, auto;5.0 mm (35 mm equivalent: 28.0 mm);200;FINE;4608 x 3456;2012:12:04 09:59:51;image/jpeg;Multi-segment;image/jpeg, 6673 Bytes;AUTO;
F3.9;NIKON;COOLPIX AW100;4608 x 3456;0 EV;Auto;1/30 s;C:/Users/Florian/Desktop/1004\DSCN7378 - Copie (4).JPG;7537730 Bytes;No, auto;5.0 mm (35 mm equivalent: 28.0 mm);200;FINE;4608 x 3456;2012:12:04 09:59:51;image/jpeg;Multi-segment;image/jpeg, 6673 Bytes;AUTO;
F3.9;NIKON;COOLPIX AW100;4608 x 3456;0 EV;Auto;1/30 s;C:/Users/Florian/Desktop/1004\DSCN7378 - Copie.JPG;7537730 Bytes;No, auto;5.0 mm (35 mm equivalent: 28.0 mm);200;FINE;4608 x 3456;2012:12:04 09:59:51;image/jpeg;Multi-segment;image/jpeg, 6673 Bytes;AUTO;
F3.9;NIKON;COOLPIX AW100;4608 x 3456;0 EV;Auto;1/30 s;C:/Users/Florian/Desktop/1004\DSCN7378.JPG;7537730 Bytes;No, auto;5.0 mm (35 mm equivalent: 28.0 mm);200;FINE;4608 x 3456;2012:12:04 09:59:51;image/jpeg;Multi-segment;image/jpeg, 6673 Bytes;AUTO;
F3.5;OLYMPUS IMAGING CORP.;E-450;3648 x 2736;0 EV;Creative program;1/60 s;C:/Users/Florian/Desktop/1004\PB093674 - Copie (2).JPG;2176432 Bytes;Yes, auto;0/10;14.0 mm;200;3648 x 2736;2012:11:09 10:04:51;image/jpeg;Off;Multi-segment;image/jpeg, 7408 Bytes;Auto;
F3.5;OLYMPUS IMAGING CORP.;E-450;3648 x 2736;0 EV;Creative program;1/60 s;C:/Users/Florian/Desktop/1004\PB093674 - Copie (3).JPG;2176432 Bytes;Yes, auto;0/10;14.0 mm;200;3648 x 2736;2012:11:09 10:04:51;image/jpeg;Off;Multi-segment;image/jpeg, 7408 Bytes;Auto;
F3.5;OLYMPUS IMAGING CORP.;E-450;3648 x 2736;0 EV;Creative program;1/60 s;C:/Users/Florian/Desktop/1004\PB093674 - Copie (4).JPG;2176432 Bytes;Yes, auto;0/10;14.0 mm;200;3648 x 2736;2012:11:09 10:04:51;image/jpeg;Off;Multi-segment;image/jpeg, 7408 Bytes;Auto;
F3.5;OLYMPUS IMAGING CORP.;E-450;3648 x 2736;0 EV;Creative program;1/60 s;C:/Users/Florian/Desktop/1004\PB093674 - Copie.JPG;2176432 Bytes;Yes, auto;0/10;14.0 mm;200;3648 x 2736;2012:11:09 10:04:51;image/jpeg;Off;Multi-segment;image/jpeg, 7408 Bytes;Auto;
F3.5;OLYMPUS IMAGING CORP.;E-450;3648 x 2736;0 EV;Creative program;1/60 s;C:/Users/Florian/Desktop/1004\PB093674.JPG;2176432 Bytes;Yes, auto;0/10;14.0 mm;200;3648 x 2736;2012:11:09 10:04:51;image/jpeg;Off;Multi-segment;image/jpeg, 7408 Bytes;Auto;
F3.5;OLYMPUS IMAGING CORP.;E-450;3648 x 2736;0 EV;Creative program;1/60 s;C:/Users/Florian/Desktop/1004\PB093675 - Copie (2).JPG;2164985 Bytes;Yes, auto;0/10;14.0 mm;200;3648 x 2736;2012:11:09 10:05:54;image/jpeg;Off;Multi-segment;image/jpeg, 7097 Bytes;Auto;
F3.5;OLYMPUS IMAGING CORP.;E-450;3648 x 2736;0 EV;Creative program;1/60 s;C:/Users/Florian/Desktop/1004\PB093675 - Copie (3).JPG;2164985 Bytes;Yes, auto;0/10;14.0 mm;200;3648 x 2736;2012:11:09 10:05:54;image/jpeg;Off;Multi-segment;image/jpeg, 7097 Bytes;Auto;
F3.5;OLYMPUS IMAGING CORP.;E-450;3648 x 2736;0 EV;Creative program;1/60 s;C:/Users/Florian/Desktop/1004\PB093675 - Copie (4).JPG;2164985 Bytes;Yes, auto;0/10;14.0 mm;200;3648 x 2736;2012:11:09 10:05:54;image/jpeg;Off;Multi-segment;image/jpeg, 7097 Bytes;Auto;
F3.5;OLYMPUS IMAGING CORP.;E-450;3648 x 2736;0 EV;Creative program;1/60 s;C:/Users/Florian/Desktop/1004\PB093675 - Copie.JPG;2164985 Bytes;Yes, auto;0/10;14.0 mm;200;3648 x 2736;2012:11:09 10:05:54;image/jpeg;Off;Multi-segment;image/jpeg, 7097 Bytes;Auto;
F3.5;OLYMPUS IMAGING CORP.;E-450;3648 x 2736;0 EV;Creative program;1/60 s;C:/Users/Florian/Desktop/1004\PB093675.JPG;2164985 Bytes;Yes, auto;0/10;14.0 mm;200;3648 x 2736;2012:11:09 10:05:54;image/jpeg;Off;Multi-segment;image/jpeg, 7097 Bytes;Auto;
F3.5;OLYMPUS IMAGING CORP.;E-450;3648 x 2736;0 EV;Creative program;1/60 s;C:/Users/Florian/Desktop/1004\PB093676 - Copie (2).JPG;2276863 Bytes;Yes, auto;0/10;14.0 mm;200;3648 x 2736;2012:11:09 10:13:45;image/jpeg;Off;Multi-segment;image/jpeg, 7093 Bytes;Auto;
F3.5;OLYMPUS IMAGING CORP.;E-450;3648 x 2736;0 EV;Creative program;1/60 s;C:/Users/Florian/Desktop/1004\PB093676 - Copie (3).JPG;2276863 Bytes;Yes, auto;0/10;14.0 mm;200;3648 x 2736;2012:11:09 10:13:45;image/jpeg;Off;Multi-segment;image/jpeg, 7093 Bytes;Auto;
F3.5;OLYMPUS IMAGING CORP.;E-450;3648 x 2736;0 EV;Creative program;1/60 s;C:/Users/Florian/Desktop/1004\PB093676 - Copie (4).JPG;2276863 Bytes;Yes, auto;0/10;14.0 mm;200;3648 x 2736;2012:11:09 10:13:45;image/jpeg;Off;Multi-segment;image/jpeg, 7093 Bytes;Auto;
F3.5;OLYMPUS IMAGING CORP.;E-450;3648 x 2736;0 EV;Creative program;1/60 s;C:/Users/Florian/Desktop/1004\PB093676 - Copie.JPG;2276863 Bytes;Yes, auto;0/10;14.0 mm;200;3648 x 2736;2012:11:09 10:13:45;image/jpeg;Off;Multi-segment;image/jpeg, 7093 Bytes;Auto;
F3.5;OLYMPUS IMAGING CORP.;E-450;3648 x 2736;0 EV;Creative program;1/60 s;C:/Users/Florian/Desktop/1004\PB093676.JPG;2276863 Bytes;Yes, auto;0/10;14.0 mm;200;3648 x 2736;2012:11:09 10:13:45;image/jpeg;Off;Multi-segment;image/jpeg, 7093 Bytes;Auto;
F3.5;OLYMPUS IMAGING CORP.;E-450;3648 x 2736;0 EV;Creative program;1/60 s;C:/Users/Florian/Desktop/1004\PB093677 - Copie (2).JPG;2071958 Bytes;Yes, auto;0/10;14.0 mm;200;3648 x 2736;2012:11:09 10:13:55;image/jpeg;Off;Multi-segment;image/jpeg, 7093 Bytes;Auto;
F3.5;OLYMPUS IMAGING CORP.;E-450;3648 x 2736;0 EV;Creative program;1/60 s;C:/Users/Florian/Desktop/1004\PB093677 - Copie (3).JPG;2071958 Bytes;Yes, auto;0/10;14.0 mm;200;3648 x 2736;2012:11:09 10:13:55;image/jpeg;Off;Multi-segment;image/jpeg, 7093 Bytes;Auto;
F3.5;OLYMPUS IMAGING CORP.;E-450;3648 x 2736;0 EV;Creative program;1/60 s;C:/Users/Florian/Desktop/1004\PB093677 - Copie (4).JPG;2071958 Bytes;Yes, auto;0/10;14.0 mm;200;3648 x 2736;2012:11:09 10:13:55;image/jpeg;Off;Multi-segment;image/jpeg, 7093 Bytes;Auto;
F3.5;OLYMPUS IMAGING CORP.;E-450;3648 x 2736;0 EV;Creative program;1/60 s;C:/Users/Florian/Desktop/1004\PB093677 - Copie.JPG;2071958 Bytes;Yes, auto;0/10;14.0 mm;200;3648 x 2736;2012:11:09 10:13:55;image/jpeg;Off;Multi-segment;image/jpeg, 7093 Bytes;Auto;
F3.5;OLYMPUS IMAGING CORP.;E-450;3648 x 2736;0 EV;Creative program;1/60 s;C:/Users/Florian/Desktop/1004\PB093677.JPG;2071958 Bytes;Yes, auto;0/10;14.0 mm;200;3648 x 2736;2012:11:09 10:13:55;image/jpeg;Off;Multi-segment;image/jpeg, 7093 Bytes;Auto;
F4;OLYMPUS IMAGING CORP.;E-450;3648 x 2736;-1 EV;Creative program;1/80 s;C:/Users/Florian/Desktop/1004\PB093678 - Copie (2).JPG;2010968 Bytes;No, auto;0/1;14.0 mm;100;3648 x 2736;2012:11:09 10:14:09;image/jpeg;Off;Multi-segment;image/jpeg, 7461 Bytes;Auto;
F4;OLYMPUS IMAGING CORP.;E-450;3648 x 2736;-1 EV;Creative program;1/80 s;C:/Users/Florian/Desktop/1004\PB093678 - Copie (3).JPG;2010968 Bytes;No, auto;0/1;14.0 mm;100;3648 x 2736;2012:11:09 10:14:09;image/jpeg;Off;Multi-segment;image/jpeg, 7461 Bytes;Auto;
F4;OLYMPUS IMAGING CORP.;E-450;3648 x 2736;-1 EV;Creative program;1/80 s;C:/Users/Florian/Desktop/1004\PB093678 - Copie (4).JPG;2010968 Bytes;No, auto;0/1;14.0 mm;100;3648 x 2736;2012:11:09 10:14:09;image/jpeg;Off;Multi-segment;image/jpeg, 7461 Bytes;Auto;
F4;OLYMPUS IMAGING CORP.;E-450;3648 x 2736;-1 EV;Creative program;1/80 s;C:/Users/Florian/Desktop/1004\PB093678 - Copie.JPG;2010968 Bytes;No, auto;0/1;14.0 mm;100;3648 x 2736;2012:11:09 10:14:09;image/jpeg;Off;Multi-segment;image/jpeg, 7461 Bytes;Auto;
F4;OLYMPUS IMAGING CORP.;E-450;3648 x 2736;-1 EV;Creative program;1/80 s;C:/Users/Florian/Desktop/1004\PB093678.JPG;2010968 Bytes;No, auto;0/1;14.0 mm;100;3648 x 2736;2012:11:09 10:14:09;image/jpeg;Off;Multi-segment;image/jpeg, 7461 Bytes;Auto;
